company_short_name,company_full_name,ogrn,inn,product,role,urls
"ЗОРГЕ, ООО","ОБЩЕСТВО С ОГРАНИЧЕННОЙ ОТВЕТСТВЕННОСТЬЮ ""ЗОРГЕ""",1247700490091,7743453807,"13″, 10″, 7″ - Zorge protection","Производство боевых дронов и/или ретрансляторов, средств подавления, запчастей","zorge.su, t.me/s/zorge_protect, vk.com/zorge_protect"
"ТАГ, ООО","ОБЩЕСТВО С ОГРАНИЧЕННОЙ ОТВЕТСТВЕННОСТЬЮ ""ТОНКОР АЭРО ГРУПП""",1231600025051,1683013710,HAVA,"Производство боевых дронов и/или ретрансляторов, средств подавления, запчастей",tonkorag.ru
"БАС ГЛОРИ ЭЙР, ООО","ОБЩЕСТВО С ОГРАНИЧЕННОЙ ОТВЕТСТВЕННОСТЬЮ ""БАС ГЛОРИ ЭЙР""",1237700598300,9705207385,OG,"Производство боевых дронов и/или ретрансляторов, средств подавления, запчастей",basga.ru
"АВИАДРОНИКС, ООО","ОБЩЕСТВО С ОГРАНИЧЕННОЙ ОТВЕТСТВЕННОСТЬЮ ""АВИАДРОНИКС""",1241600005646,1684017474,Sherhan (Шерхан),"Производство боевых дронов и/или ретрансляторов, средств подавления, запчастей","aviadronix.com , aviadronx.ru"
"ГРАНЬ, ООО НПО","ОБЩЕСТВО С ОГРАНИЧЕННОЙ ОТВЕТСТВЕННОСТЬЮ НАУЧНО-ПРОИЗВОДСТВЕННОЕ ОБЪЕДИНЕНИЕ ""ГРАНЬ""",1227400042264,7451461159,"Supercam S350M, робототехнические платформы","Производство боевых дронов и/или ретрансляторов, средств подавления, запчастей",защитаотдронов.рф
"КБ ВАЛЬКИРИЯ, ООО","ОБЩЕСТВО С ОГРАНИЧЕННОЙ ОТВЕТСТВЕННОСТЬЮ ""КОНСТРУКТОРСКОЕ БЮРО ""ВАЛЬКИРИЯ""",1225000121686,5042160830,"VCoptr Falcon, EVO, Bomber","Производство боевых дронов и/или ретрансляторов, средств подавления, запчастей",kbvalkyrie.ru
"ЦЕНТР РИВИР, АНО","АВТОНОМНАЯ НЕКОММЕРЧЕСКАЯ ОРГАНИЗАЦИЯ ""ЦЕНТР РАЗВИТИЯ И ВНЕДРЕНИЯ ИННОВАЦИОННЫХ РЕШЕНИЙ""",1247700489233,9702068743,"Аделикс-10, Аква-4","Производство боевых дронов и/или ретрансляторов, средств подавления, запчастей",
"АЛЬБАТРОС, ООО","ОБЩЕСТВО С ОГРАНИЧЕННОЙ ОТВЕТСТВЕННОСТЬЮ ""АЛЬБАТРОС""",1175050004161,5038127220,Альбатрос М5,"Производство боевых дронов и/или ретрансляторов, средств подавления, запчастей","albatros-m5.ru, www.alb.aero"
"ТЕХНОПОРТ, ООО","ОБЩЕСТВО С ОГРАНИЧЕННОЙ ОТВЕТСТВЕННОСТЬЮ ""ТЕХНОПОРТ""",1237400019790,7451463950,Антонов,"Производство боевых дронов и/или ретрансляторов, средств подавления, запчастей",tport74.ru
"НОЦ НЕБЕСНЫЕ ВОИНЫ АРХ. МИХАИЛА, АНО","АВТОНОМНАЯ НЕКОММЕРЧЕСКАЯ ОРГАНИЗАЦИЯ ПРОФЕССИОНАЛЬНОГО ОБУЧЕНИЯ ""НАУЧНО-ОБРАЗОВАТЕЛЬНЫЙ ЦЕНТР ""НЕБЕСНЫЕ ВОИНЫ АРХИСТРАТИГА МИХАИЛА""",1239300018099,9305011290,Архангел,"Производство боевых дронов и/или ретрансляторов, средств подавления, запчастей",
"АСК, ООО","ОБЩЕСТВО С ОГРАНИЧЕННОЙ ОТВЕТСТВЕННОСТЬЮ ""АВИАЦИОННЫЕ СИСТЕМЫ И КОМПЛЕКСЫ""",1227700877711,7716975280,АСК X-2,"Производство боевых дронов и/или ретрансляторов, средств подавления, запчастей",askaero.ru
"АЭРОКОН, ООО","ОБЩЕСТВО С ОГРАНИЧЕННОЙ ОТВЕТСТВЕННОСТЬЮ ""АЭРОКОН""",1021603148830,1657007195,"Аспид, Кукушка, Нарвал, Т-400, воздушные мишени","Производство боевых дронов и/или ретрансляторов, средств подавления, запчастей",aerokon.su
"АЭРОКОН, ООО НПК","ОБЩЕСТВО С ОГРАНИЧЕННОЙ ОТВЕТСТВЕННОСТЬЮ НПК ""АЭРОКОН""",1221600094210,1683010356,"Аспид, Кукушка, Нарвал, Т-400, воздушные мишени","Производство боевых дронов и/или ретрансляторов, средств подавления, запчастей",aerokon.su
"ЭНИКС, АО","АКЦИОНЕРНОЕ ОБЩЕСТВО ""ЭНИКС""",1031632202227,1661009974,Астра,"Производство боевых дронов и/или ретрансляторов, средств подавления, запчастей",
"АЭРОСМАРТ РЕШЕНИЯ, ООО","ОБЩЕСТВО С ОГРАНИЧЕННОЙ ОТВЕТСТВЕННОСТЬЮ ""АЭРОСМАРТ РЕШЕНИЯ""",1237700473405,9725128910,Аякс,"Производство боевых дронов и/или ретрансляторов, средств подавления, запчастей","ayaks-tech.ru, t.me/ayaks_drone"
"КБ ГРАД, ООО","ОБЩЕСТВО С ОГРАНИЧЕННОЙ ОТВЕТСТВЕННОСТЬЮ ""КБ ГРАД""",1226200008198,6229100550,Бегемот,"Производство боевых дронов и/или ретрансляторов, средств подавления, запчастей",
"ЗВЕНО, АНО ЦВПВ","АВТОНОМНАЯ НЕКОММЕРЧЕСКАЯ ОРГАНИЗАЦИЯ ЦЕНТР ВОЕННО-ПАТРИОТИЧЕСКОГО ВОСПИТАНИЯ ""ЗВЕНО""",1235200007206,5260489061,Бекас,"Производство боевых дронов и/или ретрансляторов, средств подавления, запчастей","zvenocenter.ru, http://centerzveno.ru/"
"АО БЕСПИЛОТНЫЕ ТЕХНОЛОГИИ, ООО","ОБЩЕСТВО С ОГРАНИЧЕННОЙ ОТВЕТСТВЕННОСТЬЮ ""АО БЕСПИЛОТНЫЕ ТЕХНОЛОГИИ""",1237700049180,9724118500,Белоснежка,"Производство боевых дронов и/или ретрансляторов, средств подавления, запчастей",
"БОЕЦ, ООО","ОБЩЕСТВО С ОГРАНИЧЕННОЙ ОТВЕТСТВЕННОСТЬЮ ""БОЕЦ""",1247700545839,9717167578,Боец-7,"Производство боевых дронов и/или ретрансляторов, средств подавления, запчастей",
"АСТРОН АЭРО, ООО","ОБЩЕСТВО С ОГРАНИЧЕННОЙ ОТВЕТСТВЕННОСТЬЮ ""АСТРОН АЭРО""",1165027052431,5027238514,"БПЛА-400Т , Курс - 800ТБ, Гранат-3","Производство боевых дронов и/или ретрансляторов, средств подавления, запчастей","astrohn-aero.ru, astrohn.ru"
"АСТРОН, АО","АКЦИОНЕРНОЕ ОБЩЕСТВО ""АСТРОН""",1155027003372,5027226540,"БПЛА-400Т , Курс - 800ТБ, Гранат-3","Производство боевых дронов и/или ретрансляторов, средств подавления, запчастей","astrohn-aero.ru, astrohn.ru"
"ХОВЕР, АО","АКЦИОНЕРНОЕ ОБЩЕСТВО ""ХОВЕР""",1217700192676,9728035171,Бумеранг,"Производство боевых дронов и/или ретрансляторов, средств подавления, запчастей",
"ХОВЕР, ООО ОКБ","ОБЩЕСТВО С ОГРАНИЧЕННОЙ ОТВЕТСТВЕННОСТЬЮ ОКБ ""ХОВЕР""",1167746868365,9729026606,Бумеранг,"Производство боевых дронов и/или ретрансляторов, средств подавления, запчастей",
"ДРОНОСТРОЙ, ООО","ОБЩЕСТВО С ОГРАНИЧЕННОЙ ОТВЕТСТВЕННОСТЬЮ ""ДРОНОСТРОЙ""",1247400022627,7449154584,Буратино,"Производство боевых дронов и/или ретрансляторов, средств подавления, запчастей",
"НПК БЕРКУТ, ООО","ОБЩЕСТВО С ОГРАНИЧЕННОЙ ОТВЕТСТВЕННОСТЬЮ ""НАУЧНО-ПРОИЗВОДСТВЕННЫЙ КОМПЛЕКС ""БЕРКУТ""",1220300006849,300008635,"Буря-10, Буря-20","Производство боевых дронов и/или ретрансляторов, средств подавления, запчастей",
"АВИЭТКА-П, ООО","ОБЩЕСТВО С ОГРАНИЧЕННОЙ ОТВЕТСТВЕННОСТЬЮ ""АВИЭТКА-П""",1242100001252,2100014201,"ВАР-7, ВАР-9, ВАР-10, ВАР-13, ВАР-15, ВИЙ-М, БА-ТОР, комплексы РЭБ, рамы","Производство боевых дронов и/или ретрансляторов, средств подавления, запчастей",www.avietka.tech
"АВИЭТКА-У, ООО","ОБЩЕСТВО С ОГРАНИЧЕННОЙ ОТВЕТСТВЕННОСТЬЮ ""АВИЭТКА-У""",1242100004145,2100017107,"ВАР-7, ВАР-9, ВАР-10, ВАР-13, ВАР-15, ВИЙ-М, БА-ТОР, комплексы РЭБ, рамы","Производство боевых дронов и/или ретрансляторов, средств подавления, запчастей",www.avietka.tech
"АВИЭТКА, АО ОКБ","АКЦИОНЕРНОЕ ОБЩЕСТВО ОПЫТНО-КОНСТРУКТОРСКОЕ БЮРО ""АВИЭТКА""",1027700165063,7734174765,"ВАР-7, ВАР-9, ВАР-10, ВАР-13, ВАР-15, ВИЙ-М, БА-ТОР, комплексы РЭБ, рамы","Производство боевых дронов и/или ретрансляторов, средств подавления, запчастей",www.avietka.tech
"КБ-25, ООО","ОБЩЕСТВО С ОГРАНИЧЕННОЙ ОТВЕТСТВЕННОСТЬЮ ""КБ-25""",1242500011313,2543184361,ВЕЛЕС-Прим,"Производство боевых дронов и/или ретрансляторов, средств подавления, запчастей",
"ОКБ-25, АО","АКЦИОНЕРНОЕ ОБЩЕСТВО ""ОКБ-25""",1242500018705,2540286809,ВЕЛЕС-Прим,"Производство боевых дронов и/или ретрансляторов, средств подавления, запчастей",
"АЭРО-ХИТ СЕРВИС, ООО","ОБЩЕСТВО С ОГРАНИЧЕННОЙ ОТВЕТСТВЕННОСТЬЮ ""АЭРО-ХИТ СЕРВИС""",1237700611455,9704220859,"Велес, Заря, Autel","Производство боевых дронов и/или ретрансляторов, средств подавления, запчастей","aero-hit.ru, aerokhit-servis.ru"
"АЭРО-ХИТ, ООО","ОБЩЕСТВО С ОГРАНИЧЕННОЙ ОТВЕТСТВЕННОСТЬЮ ""АЭРО-ХИТ""",1232700009398,2700012608,"Велес, Заря, Autel","Производство боевых дронов и/или ретрансляторов, средств подавления, запчастей","aero-hit.ru, aerokhit-servis.ru"
"АЭРО-ХИТ, ООО","ОБЩЕСТВО С ОГРАНИЧЕННОЙ ОТВЕТСТВЕННОСТЬЮ ""АЭРО-ХИТ""",1249500006062,9500028530,"Велес, Заря, Autel","Производство боевых дронов и/или ретрансляторов, средств подавления, запчастей","aero-hit.ru, aerokhit-servis.ru"
"НТ, ООО НПП","ОБЩЕСТВО С ОГРАНИЧЕННОЙ ОТВЕТСТВЕННОСТЬЮ ""НАУЧНО-ПРОИЗВОДСТВЕННОЕ ПРЕДПРИЯТИЕ ""НОВЫЕ ТЕХНОЛОГИИ""",1232600013568,2635259112,"Веспа, РЭБ","Производство боевых дронов и/или ретрансляторов, средств подавления, запчастей",
"ДРОНКО, ООО","ОБЩЕСТВО С ОГРАНИЧЕННОЙ ОТВЕТСТВЕННОСТЬЮ ""КОРПОРАЦИЯ ДРОНОВ""",1237700242086,9731112926,Вжик,"Производство боевых дронов и/или ретрансляторов, средств подавления, запчастей",https://dronecorp.group/
"КБ РАСКАТ, ООО","ОБЩЕСТВО С ОГРАНИЧЕННОЙ ОТВЕТСТВЕННОСТЬЮ ""КБ РАСКАТ""",1247700059188,9731129013,"Вий, Сектор, КБР","Производство боевых дронов и/или ретрансляторов, средств подавления, запчастей",raskatkb.ru
"ПРОМ КОМПОЗИТ, ООО","ОБЩЕСТВО С ОГРАНИЧЕННОЙ ОТВЕТСТВЕННОСТЬЮ ""ПРОМ КОМПОЗИТ""",1137746585855,7713772193,"Волк-18, Лиса, Дозор","Производство боевых дронов и/или ретрансляторов, средств подавления, запчастей",pcmpro.ru
"КОНСТРУКТОРСКОЕ БЮРО СПЕКТР-ИНЖИНИРИНГ, ООО","ОБЩЕСТВО С ОГРАНИЧЕННОЙ ОТВЕТСТВЕННОСТЬЮ ""КОНСТРУКТОРСКОЕ БЮРО ""СПЕКТР-ИНЖИНИРИНГ""",1195476049185,5445029645,Воробей,"Производство боевых дронов и/или ретрансляторов, средств подавления, запчастей",
"РУСТАКТ, ООО","ОБЩЕСТВО С ОГРАНИЧЕННОЙ ОТВЕТСТВЕННОСТЬЮ ""РУСТАКТ""",1227700094160,9703074147,ВТ-40 (ПВХ),"Импортер запчастей, производитель",
"ОКБ НЕБО, ООО","ОБЩЕСТВО С ОГРАНИЧЕННОЙ ОТВЕТСТВЕННОСТЬЮ ""ОКБ НЕБО""",1237700868624,9703163742,"Газодрон
Дрон Т1
Дрон Т2
Дрон Л1
Дрон Л2
Самолет К1
Самолет К2
Самолет S1
Дрон Л2-ОВ
БПЛА P1","Производство боевых дронов и/или ретрансляторов, средств подавления, запчастей",okbnebo.ru
"РУССКИЙ БЕСПИЛОТНЫЙ АЛЬЯНС, ООО","ОБЩЕСТВО С ОГРАНИЧЕННОЙ ОТВЕТСТВЕННОСТЬЮ ""РУССКИЙ БЕСПИЛОТНЫЙ АЛЬЯНС""",1237700738440,9702060977,Гастелло,"Производство боевых дронов и/или ретрансляторов, средств подавления, запчастей",
"ЮВС АВИА, ООО","ОБЩЕСТВО С ОГРАНИЧЕННОЙ ОТВЕТСТВЕННОСТЬЮ ""ЮВС АВИА""",1127746516809,7726700284,"Голиаф-РУ, Квазимачта","Производство боевых дронов и/или ретрансляторов, средств подавления, запчастей",kalashnikovgroup.ru/dzo/yuvs-avia
"КБ АТЛ, ООО","ОБЩЕСТВО С ОГРАНИЧЕННОЙ ОТВЕТСТВЕННОСТЬЮ ""КОНСТРУКТОРСКОЕ БЮРО АВИАТЕХНОЛАБ""",1247700699949,7743459220,"Горгона 15, Арго 13, Икар 10, Сатир 7, Гермес 10, ретрансляторы, комплектующие","Производство боевых дронов и/или ретрансляторов, средств подавления, запчастей",kb-atl.ru
"КБ ЛИС, ООО","ОБЩЕСТВО С ОГРАНИЧЕННОЙ ОТВЕТСТВЕННОСТЬЮ ""КБ ЛИС""",1234700008982,4706059162,Гортензия,"Производство боевых дронов и/или ретрансляторов, средств подавления, запчастей",
"ПЛАЗ, ООО","ОБЩЕСТВО С ОГРАНИЧЕННОЙ ОТВЕТСТВЕННОСТЬЮ ""ПЛАЗ""",5067847004341,7816388172,Грифон-41,"Производство боевых дронов и/или ретрансляторов, средств подавления, запчастей",
"НОВЫЙ РУБЕЖ, ООО КПК","ОБЩЕСТВО С ОГРАНИЧЕННОЙ ОТВЕТСТВЕННОСТЬЮ КОНСТРУКТОРСКО-ПРОИЗВОДСТВЕННАЯ КОМПАНИЯ ""НОВЫЙ РУБЕЖ""",1230100001328,100005027,Гром-9,"Производство боевых дронов и/или ретрансляторов, средств подавления, запчастей",
"БПЛА ГОРЬКИЙ, ООО","ОБЩЕСТВО С ОГРАНИЧЕННОЙ ОТВЕТСТВЕННОСТЬЮ ""БПЛА ""ГОРЬКИЙ""",1245200013827,5256212074,"Дрон-камикадзе ""Ракета""","Производство боевых дронов и/или ретрансляторов, средств подавления, запчастей",kb-gorkiy.ru
"КБ-77, ООО","ОБЩЕСТВО С ОГРАНИЧЕННОЙ ОТВЕТСТВЕННОСТЬЮ ""КБ-77""",1227700849749,9725106836,"Егерь КБ-77, Изделие 1-390","Производство боевых дронов и/или ретрансляторов, средств подавления, запчастей",kb-77.ru
"КОНСТРУКТОРСКОЕ БЮРО-77, ООО","ОБЩЕСТВО С ОГРАНИЧЕННОЙ ОТВЕТСТВЕННОСТЬЮ ""КОНСТРУКТОРСКОЕ БЮРО-77""",1247700385888,9715483585,"Егерь КБ-77, Изделие 1-390","Производство боевых дронов и/или ретрансляторов, средств подавления, запчастей",kb-77.ru
"ОКБ-77, ООО","ОБЩЕСТВО С ОГРАНИЧЕННОЙ ОТВЕТСТВЕННОСТЬЮ ""ОКБ-77""",1237700160280,9715443198,"Егерь КБ-77, Изделие 1-390","Производство боевых дронов и/или ретрансляторов, средств подавления, запчастей",kb-77.ru
"МОЛОТ АЭРО, ООО","ОБЩЕСТВО С ОГРАНИЧЕННОЙ ОТВЕТСТВЕННОСТЬЮ ""МОЛОТ АЭРО""",1234300001110,4345522911,"Жмиль 17, Вятка","Производство боевых дронов и/или ретрансляторов, средств подавления, запчастей",t.me/s/Aero_m
"СОЛИДАРНОСТЬ, ООО","ОБЩЕСТВО С ОГРАНИЧЕННОЙ ОТВЕТСТВЕННОСТЬЮ ""СОЛИДАРНОСТЬ""",1237700679974,9717145101,"Зверобой, Победитель","Производство боевых дронов и/или ретрансляторов, средств подавления, запчастей",beastfpv.ru
"Р-ЛАБ, ООО","ОБЩЕСТВО С ОГРАНИЧЕННОЙ ОТВЕТСТВЕННОСТЬЮ ""Р-ЛАБ""",1226100007264,6167202982,"Злой дрон, Огонек","Производство боевых дронов и/или ретрансляторов, средств подавления, запчастей",t.me/s/zloy_dron
"АЭРОТЭК, ООО","ОБЩЕСТВО С ОГРАНИЧЕННОЙ ОТВЕТСТВЕННОСТЬЮ ""АЭРОТЭК""",1236200005601,6234204561,"Зэт, Прорыв","Обучение, ПО",платформа-бпла.рф
"НИПП РУСТЕХДРОН, ООО","ОБЩЕСТВО С ОГРАНИЧЕННОЙ ОТВЕТСТВЕННОСТЬЮ ""НАУЧНОЕ-ИССЛЕДОВАТЕЛЬСКОЕ ПРОИЗВОДСТВЕННОЕ ПРЕДПРИЯТИЕ РУСТЕХДРОН""",1225000111313,5003153526,"Инферно, РТД-К7, РТД-1, обучение, сборка","Производство боевых дронов и/или ретрансляторов, средств подавления, запчастей",rustecdrone.ru
"НПО РУСТЕХДРОН, ООО","ОБЩЕСТВО С ОГРАНИЧЕННОЙ ОТВЕТСТВЕННОСТЬЮ ""НАУЧНО-ПРОИЗВОДСТВЕННОЕ ОБЪЕДИНЕНИЕ РУСТЕХДРОН""",1235000022179,5003155499,"Инферно, РТД-К7, РТД-1, обучение, сборка","Производство боевых дронов и/или ретрансляторов, средств подавления, запчастей",rustecdrone.ru
"РОБДВОР, ООО","ОБЩЕСТВО С ОГРАНИЧЕННОЙ ОТВЕТСТВЕННОСТЬЮ ""РОБОТЕХНИЧИЙ ДВОР""",1247700530450,9715490021,"Каргач, Кикимора","Производство боевых дронов и/или ретрансляторов, средств подавления, запчастей",t.me/RobDvor
"АРХАНГЕЛ, ООО","ОБЩЕСТВО С ОГРАНИЧЕННОЙ ОТВЕТСТВЕННОСТЬЮ ""АРХАНГЕЛ""",1249000005517,9001027869,"Катюша, Архангел","Производство боевых дронов и/или ретрансляторов, средств подавления, запчастей",t.me/s/projectArchangel
"АРХАНГЕЛ, ООО","ОБЩЕСТВО С ОГРАНИЧЕННОЙ ОТВЕТСТВЕННОСТЬЮ ""АРХАНГЕЛ""",1249500004181,9500026652,"Катюша, Архангел","Производство боевых дронов и/или ретрансляторов, средств подавления, запчастей",t.me/s/projectArchangel
"НПЦ УШКУЙНИК, АНО","АВТОНОМНАЯ НЕКОММЕРЧЕСКАЯ ОРГАНИЗАЦИЯ ""НАУЧНО-ПРОИЗВОДСТВЕННЫЙ ЦЕНТР ИСПЫТАНИЙ И КОМПЕТЕНЦИЙ В СФЕРЕ РАЗВИТИЯ БЕСПИЛОТНЫХ АВИАЦИОННЫХ СИСТЕМ И СРЕДСТВ ЗАЩИТЫ ОТ ИХ ПРОТИВОПРАВНОГО ПРИМЕНЕНИЯ ""УШКУЙНИК""",1235300003685,5300010714,КВН (Князь Вандал),"Производство боевых дронов и/или ретрансляторов, средств подавления, запчастей",nvgushkuynik.ru
"ПТИЦ, ООО","ОБЩЕСТВО С ОГРАНИЧЕННОЙ ОТВЕТСТВЕННОСТЬЮ ""ПЕРЕДОВОЙ ТЕХНИЧЕСКИЙ ИННОВАЦИОННЫЙ ЦЕНТР""",1237700801843,9719058648,"Ключ 7"", 8"", 10"", Ключ Курьер","Производство боевых дронов и/или ретрансляторов, средств подавления, запчастей",klyuchfpv.ru
"КОМПОНЕНТ, ООО","ОБЩЕСТВО С ОГРАНИЧЕННОЙ ОТВЕТСТВЕННОСТЬЮ ""КОМПОНЕНТ""",1227700628000,7743393900,Комар,"Производство боевых дронов и/или ретрансляторов, средств подавления, запчастей",komponent.online
"НПК ГАМАЮН, ООО","ОБЩЕСТВО С ОГРАНИЧЕННОЙ ОТВЕТСТВЕННОСТЬЮ ""НАУЧНО-ПРОИЗВОДСТВЕННЫЙ КОМПЛЕКС ""ГАМАЮН""",1195081095505,5032314337,"Комар 5, Комар 6, Комар 7, Серафим, Скоморох, Шмель, Шмель 2, Шмель 3","Производство боевых дронов и/или ретрансляторов, средств подавления, запчастей",npkgamayun.ru
"ЛАБОРАТОРИЯ БУДУЩЕГО, ООО","ОБЩЕСТВО С ОГРАНИЧЕННОЙ ОТВЕТСТВЕННОСТЬЮ ""ЛАБОРАТОРИЯ БУДУЩЕГО""",1116658026231,6658399868,"Комар, Муха, Муравей, Вжух","Производство боевых дронов и/или ретрансляторов, средств подавления, запчастей",cablewalker.ru
"ПИР, ООО","ОБЩЕСТВО С ОГРАНИЧЕННОЙ ОТВЕТСТВЕННОСТЬЮ ""ПЕРЕДОВЫЕ ИНЖЕНЕРНЫЕ РЕШЕНИЯ""",1235400028181,5402078711,Косатка,"Производство боевых дронов и/или ретрансляторов, средств подавления, запчастей","aerofregat.tw1.ru, аэрофрегат.рф"
"АЭРОФРЕГАТ, ООО","ОБЩЕСТВО С ОГРАНИЧЕННОЙ ОТВЕТСТВЕННОСТЬЮ ""АЭРОФРЕГАТ""",1245400007346,5402082179,"Косатка, Трибунал, Катапульта КТ10, Молот","Производство боевых дронов и/или ретрансляторов, средств подавления, запчастей","aerofregat.tw1.ru, аэрофрегат.рф"
"АГЕНТСТВО РЕГИОНАЛЬНОГО РАЗВИТИЯ, ООО","ОБЩЕСТВО С ОГРАНИЧЕННОЙ ОТВЕТСТВЕННОСТЬЮ ""АГЕНТСТВО РЕГИОНАЛЬНОГО РАЗВИТИЯ""",1225100003875,5190092020,"Кречет, Сварог, Грузовичок, Илья Муромец, Алеша Попович, Добрыня Никитич, Аватар","Производство боевых дронов и/или ретрансляторов, средств подавления, запчастей","https://frobotics.ru/, https://svarogfpv.ru/ , https://fpvavatar.ru/"
"АГЕНТСТВО ЦИФРОВОГО РАЗВИТИЯ, ООО","ОБЩЕСТВО С ОГРАНИЧЕННОЙ ОТВЕТСТВЕННОСТЬЮ ""АГЕНТСТВО ЦИФРОВОГО РАЗВИТИЯ""",1225100003831,5190091997,"Кречет, Сварог, Грузовичок, Илья Муромец, Алеша Попович, Добрыня Никитич, Аватар","Производство боевых дронов и/или ретрансляторов, средств подавления, запчастей","https://frobotics.ru/, https://svarogfpv.ru/ , https://fpvavatar.ru/"
"НПО ЖОСТР, ООО","ОБЩЕСТВО С ОГРАНИЧЕННОЙ ОТВЕТСТВЕННОСТЬЮ ""НПО ЖОСТР""",1237700139775,9721199533,"Крушина, Червонец, Дрост-7"", Дрост-5"", Оса, оборудование для обучения, защита","Производство боевых дронов и/или ретрансляторов, средств подавления, запчастей",jostr.ru
"СТРАТИМ-ТЕХ, АО","АКЦИОНЕРНОЕ ОБЩЕСТВО ""СТРАТИМ-ТЕХ""",1237700601490,9724145543,"Ласточка, камикадзе Русак, Журавль, Воробей,  Русак, ударное крыло Тювик","Производство боевых дронов и/или ретрансляторов, средств подавления, запчастей",
"СТРАТИМ, АО","АКЦИОНЕРНОЕ ОБЩЕСТВО ""СТРАТИМ""",1237700447324,7720901379,"Ласточка, Русак, Журавль, Воробей","Производство боевых дронов и/или ретрансляторов, средств подавления, запчастей",
"СТРАТИМ, ООО","ОБЩЕСТВО С ОГРАНИЧЕННОЙ ОТВЕТСТВЕННОСТЬЮ ""СТРАТИМ""",1245200009075,5260494520,"Ласточка, Русак, Журавль, Воробей","Производство боевых дронов и/или ретрансляторов, средств подавления, запчастей",
"ГК ТИХИЕ КРЫЛЬЯ, ООО","ОБЩЕСТВО С ОГРАНИЧЕННОЙ ОТВЕТСТВЕННОСТЬЮ ""ГРУППА КОМПАНИЙ ТИХИЕ КРЫЛЬЯ""",1207800024662,7802703755,"Легионер, Легионер Е33к","Производство боевых дронов и/или ретрансляторов, средств подавления, запчастей",silentwings.ru
"АТРИ, АО","АКЦИОНЕРНОЕ ОБЩЕСТВО ""АТРИ""",1117847007695,7814488492,"Линейка ""Одуванчик""","Производство боевых дронов и/или ретрансляторов, средств подавления, запчастей",oduvanchik.tech
"АТРИ, ООО","ОБЩЕСТВО С ОГРАНИЧЕННОЙ ОТВЕТСТВЕННОСТЬЮ ""АТРИ""",1037835001082,7816135608,"Линейка ""Одуванчик""","Производство боевых дронов и/или ретрансляторов, средств подавления, запчастей",oduvanchik.tech
"ОКБ УЧЁНЫЙ ЦЕХ, ООО","ОБЩЕСТВО С ОГРАНИЧЕННОЙ ОТВЕТСТВЕННОСТЬЮ ""ОКБ УЧЁНЫЙ ЦЕХ""",1237000009509,7000012055,ЛИХО,"Производство боевых дронов и/или ретрансляторов, средств подавления, запчастей",
"НПО АВИАБАС, ООО","ОБЩЕСТВО С ОГРАНИЧЕННОЙ ОТВЕТСТВЕННОСТЬЮ ""НПО АВИАБАС""",1237800098315,7802943980,"Лунь-7, Лунь-10","Производство боевых дронов и/или ретрансляторов, средств подавления, запчастей",
"АКВАРИУМ, ООО","ОБЩЕСТВО С ОГРАНИЧЕННОЙ ОТВЕТСТВЕННОСТЬЮ ""АКВАРИУМ""",1233900009310,3900014690,"Манта, Химера 7","Производство боевых дронов и/или ретрансляторов, средств подавления, запчастей",oooaquarium.com
"АТЛАНТ АЭРО, ООО","ОБЩЕСТВО С ОГРАНИЧЕННОЙ ОТВЕТСТВЕННОСТЬЮ ""АТЛАНТ АЭРО""",1236100025633,6154165878,"Молния-1
Молния-1 ИИ","Производство боевых дронов и/или ретрансляторов, средств подавления, запчастей",
"АТЛАНТ СЕРВИС, ООО","ОБЩЕСТВО С ОГРАНИЧЕННОЙ ОТВЕТСТВЕННОСТЬЮ ""АТЛАНТ СЕРВИС""",1247700778600,9717173300,"Молния-1
Молния-1 ИИ","Производство боевых дронов и/или ретрансляторов, средств подавления, запчастей",
"МОНОЛИТ, ООО","ОБЩЕСТВО С ОГРАНИЧЕННОЙ ОТВЕТСТВЕННОСТЬЮ ""МОНОЛИТ""",1136320006591,6321308944,Монолит FPV-7,"Производство боевых дронов и/или ретрансляторов, средств подавления, запчастей",zorge-protect.ru
"БЕЛЫЙ ПАРОХОД, ООО","ОБЩЕСТВО С ОГРАНИЧЕННОЙ ОТВЕТСТВЕННОСТЬЮ ""БЕЛЫЙ ПАРОХОД""",1237700539010,9714016933,Москит 2.0,"Производство боевых дронов и/или ретрансляторов, средств подавления, запчастей",mwings.ru
"ХАРДБЕРРИ РУСФАКТОР, ООО","ОБЩЕСТВО С ОГРАНИЧЕННОЙ ОТВЕТСТВЕННОСТЬЮ ""ХАРДБЕРРИ РУСФАКТОР""",1137746479310,7728845817,НАКА,ПО,
"ВОЗДУШНЫЙ ТРАКТАТ, ООО","ОБЩЕСТВО С ОГРАНИЧЕННОЙ ОТВЕТСТВЕННОСТЬЮ ""ВОЗДУШНЫЙ ТРАКТАТ""",1237100015767,7100046925,Овод,"Производство боевых дронов и/или ретрансляторов, средств подавления, запчастей",
"РЛВТ, ООО","ОБЩЕСТВО С ОГРАНИЧЕННОЙ ОТВЕТСТВЕННОСТЬЮ ""РУССКАЯ ЛАБОРАТОРИЯ ВОЗДУШНОГО ТРАНСПОРТА""",1227100012369,7100027464,Овод,"Производство боевых дронов и/или ретрансляторов, средств подавления, запчастей",
"ОСТРОВЦЫ ИНВЕСТ, ООО","ОБЩЕСТВО С ОГРАНИЧЕННОЙ ОТВЕТСТВЕННОСТЬЮ ""ОСТРОВЦЫ ИНВЕСТ""",1157746740821,7704326114,Осоед,"Производство боевых дронов и/или ретрансляторов, средств подавления, запчастей",
"ПЛОЩАДЬ, АО","АКЦИОНЕРНОЕ ОБЩЕСТВО ""ПЛОЩАДЬ""",1237700463032,9723203841,"ПАК ""Площадь"" для донаведения","Производство боевых дронов и/или ретрансляторов, средств подавления, запчастей","areasystems.ru, areasystems.tech"
"ПЕРУН-Ф, ООО","ОБЩЕСТВО С ОГРАНИЧЕННОЙ ОТВЕТСТВЕННОСТЬЮ ""ООО ""ПЕРУН-Ф""""",1246100017514,6194002340,Перун-Ф,"Производство боевых дронов и/или ретрансляторов, средств подавления, запчастей",
"СКБ ПИРАНЬЯ, ООО","ОБЩЕСТВО С ОГРАНИЧЕННОЙ ОТВЕТСТВЕННОСТЬЮ ""СИМБИРСКОЕ КОНСТРУКТОРСКОЕ БЮРО ПИРАНЬЯ""",1237300010430,7300024069,"Пиранья, ретрансляторы, расходники","Производство боевых дронов и/или ретрансляторов, средств подавления, запчастей",piranhafpv.ru
"ПОБЕДА, ООО","ОБЩЕСТВО С ОГРАНИЧЕННОЙ ОТВЕТСТВЕННОСТЬЮ ""ПОБЕДА""",1234500005288,4500011417,Победа,"Производство боевых дронов и/или ретрансляторов, средств подавления, запчастей",
"СПДББК, ООО","ОБЩЕСТВО С ОГРАНИЧЕННОЙ ОТВЕТСТВЕННОСТЬЮ ""СПДББК""",1157847359273,7838044584,"Привет-82МК2, Привет-120","Производство боевых дронов и/или ретрансляторов, средств подавления, запчастей",oko-kb.ru
"ЦКБР, ООО","ОБЩЕСТВО С ОГРАНИЧЕННОЙ ОТВЕТСТВЕННОСТЬЮ ""ЦЕНТР КОМПЛЕКСНЫХ БЕСПИЛОТНЫХ РЕШЕНИЙ""",1225000003458,5040176793,"Проект ""Хруст""","Производство боевых дронов и/или ретрансляторов, средств подавления, запчастей",
"РОКОТ ТЕХ, ООО","ОБЩЕСТВО С ОГРАНИЧЕННОЙ ОТВЕТСТВЕННОСТЬЮ ""РОКОТ ТЕХ""",1247600010954,7606140961,Пропеллеры,"Производство боевых дронов и/или ретрансляторов, средств подавления, запчастей",rokottech.ru
"ПТЕРО, ООО","ОБЩЕСТВО С ОГРАНИЧЕННОЙ ОТВЕТСТВЕННОСТЬЮ ""ПТЕРО""",1177746381086,7714989706,"Птеро-G1, Птеро-H2, Перо","Производство боевых дронов и/или ретрансляторов, средств подавления, запчастей",ptero.ru
"ХИТ, ООО","ОБЩЕСТВО С ОГРАНИЧЕННОЙ ОТВЕТСТВЕННОСТЬЮ ""ХАБИННОТЕХ""",1222700005527,2721254051,"Пчела, Шершень","Производство боевых дронов и/или ретрансляторов, средств подавления, запчастей",хабиннотех.рф
"НПК БЕСПИЛОТНЫЕ СИСТЕМЫ, ООО","ОБЩЕСТВО С ОГРАНИЧЕННОЙ ОТВЕТСТВЕННОСТЬЮ ""НАУЧНО-ПРОИЗВОДСТВЕННАЯ КОМПАНИЯ БЕСПИЛОТНЫЕ СИСТЕМЫ""",1245000115018,5074091227,"Росомаха, Сапсан-И10, Лунь-7Б, Кольчуга","Производство боевых дронов и/или ретрансляторов, средств подавления, запчастей",bsp-systems.ru
"ТОЧКА СБОРКИ, ООО","ОБЩЕСТВО С ОГРАНИЧЕННОЙ ОТВЕТСТВЕННОСТЬЮ ""ТОЧКА СБОРКИ""",1237700886048,9729362206,"Саранча, Русская пчела","Производство боевых дронов и/или ретрансляторов, средств подавления, запчастей","sarancha-dron.ru, drone-market.ru"
"ТОЧКА СБОРКИ, ООО","ОБЩЕСТВО С ОГРАНИЧЕННОЙ ОТВЕТСТВЕННОСТЬЮ ""ТОЧКА СБОРКИ""",1246100015050,6165239715,"Саранча, Русская пчела","Производство боевых дронов и/или ретрансляторов, средств подавления, запчастей","sarancha-dron.ru, drone-market.ru"
"РОБОАВИА, ООО","ОБЩЕСТВО С ОГРАНИЧЕННОЙ ОТВЕТСТВЕННОСТЬЮ ""РОБОАВИА""",1159102044991,9102166435,"Сарыч, Кром","Производство боевых дронов и/или ретрансляторов, средств подавления, запчастей","robo-avia.ru, https://t.me/s/kb70ru"
"КИНГПРО, ООО
","ОБЩЕСТВО С ОГРАНИЧЕННОЙ ОТВЕТСТВЕННОСТЬЮ ""КИНГПРО""",1247700607450,9725168367,Секира,"Производство боевых дронов и/или ретрансляторов, средств подавления, запчастей",
"ГАГАРИНГ, ООО","ОБЩЕСТВО С ОГРАНИЧЕННОЙ ОТВЕТСТВЕННОСТЬЮ ""ГАГАРИНГ""",1232300051235,2312321660,"Секира, Лайка, Геркулес, Арбалет, антенны, радиоэлектроника",Ритейл,gagaring.it-shop-tg.ru
"ПАСЕКА, ООО","ОБЩЕСТВО С ОГРАНИЧЕННОЙ ОТВЕТСТВЕННОСТЬЮ ""ПАСЕКА""",1237700620739,9710120524,Сибирячок,"Производство боевых дронов и/или ретрансляторов, средств подавления, запчастей",
"СИБНК, ООО","ОБЩЕСТВО С ОГРАНИЧЕННОЙ ОТВЕТСТВЕННОСТЬЮ ""СИБИРСКАЯ НАВИГАЦИОННАЯ КОМПАНИЯ""",1184205024849,4205376019,Сибирячок,"Производство боевых дронов и/или ретрансляторов, средств подавления, запчастей",
"ЭВР, ООО","ОБЩЕСТВО С ОГРАНИЧЕННОЙ ОТВЕТСТВЕННОСТЬЮ ""ЭВР""",1237700273744,9710112989,Сибирячок,"Производство боевых дронов и/или ретрансляторов, средств подавления, запчастей",
"ВЕРТИКАЛЬ, ООО","ОБЩЕСТВО С ОГРАНИЧЕННОЙ ОТВЕТСТВЕННОСТЬЮ ""ВЕРТИКАЛЬ""",1246600015750,6679174872,Сифа,"Производство боевых дронов и/или ретрансляторов, средств подавления, запчастей",vvzdrone.ru
"ИАЗ, ООО","ОБЩЕСТВО С ОГРАНИЧЕННОЙ ОТВЕТСТВЕННОСТЬЮ ""ИЖЕВСКИЙ АВИАЦИОННЫЙ ЗАВОД""",1231800002609,1841109463,Скат 350М,"Производство боевых дронов и/или ретрансляторов, средств подавления, запчастей",
"ТЕХНОДРОН, АО","АКЦИОНЕРНОЕ ОБЩЕСТВО ""ТЕХНОДРОН""",1247700354175,9704241986,"Скворец-7
Скворец-10
Скворец-Z
Скворец PRO","Производство боевых дронов и/или ретрансляторов, средств подавления, запчастей",
"ВЫСОТА, АО","АКЦИОНЕРНОЕ ОБЩЕСТВО ""ВЫСОТА""",1257700096060,9728151548,Сова,"Производство боевых дронов и/или ретрансляторов, средств подавления, запчастей",сова-обучение.рф
"КПБ ПОЛЕТ, ООО","ОБЩЕСТВО С ОГРАНИЧЕННОЙ ОТВЕТСТВЕННОСТЬЮ ""КОНСТРУКТОРСКОЕ ПРОИЗВОДСТВЕННОЕ БЮРО ""ПОЛЕТ""",1246200002102,6200003419,"Сокол, Вултур Р10, сеткометы","Производство боевых дронов и/или ретрансляторов, средств подавления, запчастей",kpb-polet.ru
"УМНЫЕ ПТИЦЫ, ООО","ОБЩЕСТВО С ОГРАНИЧЕННОЙ ОТВЕТСТВЕННОСТЬЮ ""УМНЫЕ ПТИЦЫ""",1241800009703,1800020960,Сорока,"Производство боевых дронов и/или ретрансляторов, средств подавления, запчастей",
"НПП АДВЕНТ-АЭРО, ООО","ОБЩЕСТВО С ОГРАНИЧЕННОЙ ОТВЕТСТВЕННОСТЬЮ ""НАУЧНО-ПРОИЗВОДСТВЕННОЕ ПРЕДПРИЯТИЕ ""АДВЕНТ-АЭРО""",1247800101955,7805818803,Струна,"Производство боевых дронов и/или ретрансляторов, средств подавления, запчастей",advent-aero.ru
"БЕСПИЛОТНЫЕ СИСТЕМЫ, ООО","ОБЩЕСТВО С ОГРАНИЧЕННОЙ ОТВЕТСТВЕННОСТЬЮ ""БЕСПИЛОТНЫЕ СИСТЕМЫ""",1121831007759,1831156383,Суперкам,"Производство боевых дронов и/или ретрансляторов, средств подавления, запчастей",supercam.aero
"СУПЕРКАМ, ООО","ОБЩЕСТВО С ОГРАНИЧЕННОЙ ОТВЕТСТВЕННОСТЬЮ ""СУПЕРКАМ""",1181832023691,1841082162,Суперкам,"Производство боевых дронов и/или ретрансляторов, средств подавления, запчастей",supercam.aero
"КБ ДУЛКЫН-АЭРО, ООО","ОБЩЕСТВО С ОГРАНИЧЕННОЙ ОТВЕТСТВЕННОСТЬЮ ""КОНСТРУКТОРСКОЕ БЮРО ""ДУЛКЫН-АЭРО""",1231600038603,1655496864,Татарин,"Производство боевых дронов и/или ретрансляторов, средств подавления, запчастей",t.me/dulkin16
"РДР-ГРУПП, ООО","ОБЩЕСТВО С ОГРАНИЧЕННОЙ ОТВЕТСТВЕННОСТЬЮ ""РУССКИЙ ДРОН РЕЙСИНГ - ГРУПП""",1187746149216,7726422252,Тип-450,"Производство боевых дронов и/или ретрансляторов, средств подавления, запчастей",
"УРАЛДРОНЗАВОД, ООО","ОБЩЕСТВО С ОГРАНИЧЕННОЙ ОТВЕТСТВЕННОСТЬЮ ""УРАЛДРОНЗАВОД""",1236600057011,6671284030,"Упырь, Бердыш","Производство боевых дронов и/или ретрансляторов, средств подавления, запчастей",uraldronzavod.ru
"ЦБС, ООО","ОБЩЕСТВО С ОГРАНИЧЕННОЙ ОТВЕТСТВЕННОСТЬЮ ""ЦЕНТР БЕСПИЛОТНЫХ СИСТЕМ""",1237100001467,7100032961,"Фобия, Каракурт, Сольпуга","Производство боевых дронов и/или ретрансляторов, средств подавления, запчастей",cbstula.ru
"САХА ДРОН, ООО","ОБЩЕСТВО С ОГРАНИЧЕННОЙ ОТВЕТСТВЕННОСТЬЮ ""САХА ДРОН""",1231400002063,1400019110,"Хотой-10, ретрансляторы","Производство боевых дронов и/или ретрансляторов, средств подавления, запчастей",sakhadrone.ru
"НЦБС КОНСАЛТ, ООО","ОБЩЕСТВО С ОГРАНИЧЕННОЙ ОТВЕТСТВЕННОСТЬЮ ""НЦБС КОНСАЛТ""",1241800007063,1800018337,Шершень,"Производство боевых дронов и/или ретрансляторов, средств подавления, запчастей",t.me/s/ncbs18
"НЦБС, АНО","АВТОНОМНАЯ НЕКОММЕРЧЕСКАЯ ОРГАНИЗАЦИЯ ""НАЦИОНАЛЬНЫЙ ЦЕНТР БЕСПИЛОТНЫХ СИСТЕМ""",1241800010363,1800021629,Шершень,"Производство боевых дронов и/или ретрансляторов, средств подавления, запчастей",t.me/s/ncbs18
"НЦБС, ООО","ОБЩЕСТВО С ОГРАНИЧЕННОЙ ОТВЕТСТВЕННОСТЬЮ ""НЦБС""",1231800008659,1840120560,Шершень,"Производство боевых дронов и/или ретрансляторов, средств подавления, запчастей",t.me/s/ncbs18
"ДРОН СОЛЮШНС, ООО","ОБЩЕСТВО С ОГРАНИЧЕННОЙ ОТВЕТСТВЕННОСТЬЮ ""ДРОН СОЛЮШНС""",1187746132870,7716892964,Шмель,"Производство боевых дронов и/или ретрансляторов, средств подавления, запчастей",
"АЭРОТЕХ, ООО","ОБЩЕСТВО С ОГРАНИЧЕННОЙ ОТВЕТСТВЕННОСТЬЮ ""АЭРОТЕХ""",1227700266199,9710098212,"Шмель, Д-11-1","Производство боевых дронов и/или ретрансляторов, средств подавления, запчастей",
"АА, ООО НПК","ОБЩЕСТВО С ОГРАНИЧЕННОЙ ОТВЕТСТВЕННОСТЬЮ НПК ""АТЛАНТ АЭРО""",1236100034411,6154166381,,Связанная компания,
"АВТОТЕХ, ООО","ОБЩЕСТВО С ОГРАНИЧЕННОЙ ОТВЕТСТВЕННОСТЬЮ ""АВТОНОМНЫЕ ТЕХНОЛОГИИ""",1247700242492,9729372148,,Связанная компания,
"АГ-ЛОГИСТИК, ООО","ОБЩЕСТВО С ОГРАНИЧЕННОЙ ОТВЕТСТВЕННОСТЬЮ ""АГ-ЛОГИСТИК""",1237700467652,9728100494,,Импортер запчастей,"ag-logistik.ru, https://ag-logist.com/"
"АДУМС, АО","АКЦИОНЕРНОЕ ОБЩЕСТВО ""АВТОНОМНЫЕ ДИСТАНЦИОННО УПРАВЛЯЕМЫЕ МЕХАНИЧЕСКИЕ СИСТЕМЫ""",1247800045272,7802952790,,Связанная компания,
"АМУЛЕТ-С, ООО","ОБЩЕСТВО С ОГРАНИЧЕННОЙ ОТВЕТСТВЕННОСТЬЮ ""АМУЛЕТ-С""",1223600021336,3662302993,,Связанная компания (ПО),https://amulet-s.ru/products/
"АРХАНГЕЛ, АНО","АВТОНОМНАЯ НЕКОММЕРЧЕСКАЯ ОРГАНИЗАЦИЯ ВОЕННО-ТЕХНИЧЕСКОЙ ПОДДЕРЖКИ ЗАЩИТНИКОВ ОТЕЧЕСТВА И ПАТРИОТИЧЕСКОГО ВОСПИТАНИЯ НАСЕЛЕНИЯ ""АРХАНГЕЛ""",1242300005640,2315233718,,Спортивная ассоциация,"t.me/s/projectArchangel, https://vk.com/tacticmedicsvo"
АССОЦИАЦИЯ БАС СИБИРИ,СИБИРСКАЯ АССОЦИАЦИЯ РАЗРАБОТЧИКОВ И ПРОИЗВОДИТЕЛЕЙ БЕСПИЛОТНЫХ АВТОМАТИЗИРОВАННЫХ СИСТЕМ,1255400002230,5406845872,,Связанная компания,
"АСФПВ, ООО","ОБЩЕСТВО С ОГРАНИЧЕННОЙ ОТВЕТСТВЕННОСТЬЮ ""АСФПВ""",1237800134879,7804705606,,"Производство, поставка, обучение",t.me/asfpv
"АТ, ООО","ОБЩЕСТВО С ОГРАНИЧЕННОЙ ОТВЕТСТВЕННОСТЬЮ ""АТ""",1246100019527,6166131263,,Связанная компания,
"АТАМАНОВА, ООО КБ","ОБЩЕСТВО С ОГРАНИЧЕННОЙ ОТВЕТСТВЕННОСТЬЮ КБ ""АТАМАНОВА""",1237700493161,7734481300,,Связанная компания,
"АТЛАС, ООО","ОБЩЕСТВО С ОГРАНИЧЕННОЙ ОТВЕТСТВЕННОСТЬЮ ""АТЛАС""",1231800015688,1800005345,,Импортер запчастей,
"АЭРОКОМ, ООО","ОБЩЕСТВО С ОГРАНИЧЕННОЙ ОТВЕТСТВЕННОСТЬЮ ""АЭРОКОМ""",1190327006781,326568462,,"Производство боевых дронов и/или ретрансляторов, средств подавления, запчастей",
"БЕСПИЛОТНЫЕ АППАРАТЫ, ООО","ОБЩЕСТВО С ОГРАНИЧЕННОЙ ОТВЕТСТВЕННОСТЬЮ ""БЕСПИЛОТНЫЕ АППАРАТЫ""",1232500009719,2543174660,,"Производство боевых дронов и/или ретрансляторов, средств подавления, запчастей",
"БОЕВЫЕ ТЕХНОЛОГИИ ПРО, ООО","ОБЩЕСТВО С ОГРАНИЧЕННОЙ ОТВЕТСТВЕННОСТЬЮ ""БОЕВЫЕ ТЕХНОЛОГИИ ПРО""",1253300002295,3300021328,,Ритейл,irptorg.ru
"БОЕВЫЕ ТЕХНОЛОГИИ, ООО","ОБЩЕСТВО С ОГРАНИЧЕННОЙ ОТВЕТСТВЕННОСТЬЮ ""БОЕВЫЕ ТЕХНОЛОГИИ""",1235200037610,5262393781,,Ритейл,irptorg.ru
"ВИТ ЭРА, ФГАУ","ФЕДЕРАЛЬНОЕ ГОСУДАРСТВЕННОЕ АВТОНОМНОЕ УЧРЕЖДЕНИЕ ""ВОЕННЫЙ ИННОВАЦИОННЫЙ ТЕХНОПОЛИС ""ЭРА""",1032502119715,2539025440,,"Производство боевых дронов и/или ретрансляторов, средств подавления, запчастей",
"ВИХРЬ, ООО","ОБЩЕСТВО С ОГРАНИЧЕННОЙ ОТВЕТСТВЕННОСТЬЮ ""ВИХРЬ""",1247800013801,7813678099,,Связанная компания,
"ВОЛДЖЕТ АВИА, ООО","ОБЩЕСТВО С ОГРАНИЧЕННОЙ ОТВЕТСТВЕННОСТЬЮ ""ВОЛДЖЕТ АВИА""",1237700254153,7707487470,,Связанная компания,
"ВТС ЭРА, ООО","ОБЩЕСТВО С ОГРАНИЧЕННОЙ ОТВЕТСТВЕННОСТЬЮ ""ВИРТУАЛЬНЫЕ ТРЕНАЖЕРНЫЕ СИСТЕМЫ ЭРА""",1226100022060,6154163285,,"Образование, ПО",systemvr.ru
"ВЬЮ ЛАБ, ООО","ОБЩЕСТВО С ОГРАНИЧЕННОЙ ОТВЕТСТВЕННОСТЬЮ ""ВЬЮ ЛАБ""",1247700023174,9704233086,,Связанная компания,view-lab.ru
"ГОРИЗОНТ, ООО","ОБЩЕСТВО С ОГРАНИЧЕННОЙ ОТВЕТСТВЕННОСТЬЮ ""ГОРИЗОНТ""",1227800133483,7811781051,,Связанная компания,
"ДИДЖИТАЛ ЛАБ, ООО","ОБЩЕСТВО С ОГРАНИЧЕННОЙ ОТВЕТСТВЕННОСТЬЮ ""ДИДЖИТАЛ ЛАБ""",1227700421519,9731095861,,Связанная компания,
"ДРОНМОТОРС, ООО","ОБЩЕСТВО С ОГРАНИЧЕННОЙ ОТВЕТСТВЕННОСТЬЮ ""ДРОНМОТОРС""",1237700670151,7716987736,,"Производство боевых дронов и/или ретрансляторов, средств подавления, запчастей",https://t.me/s/dronmotors
"ЗАВОД ЮПИТЕР, ЗАО","ЗАКРЫТОЕ АКЦИОНЕРНОЕ ОБЩЕСТВО ""ЗАВОД ЮПИТЕР""",1057806863883,7838027959,,"Производство боевых дронов и/или ретрансляторов, средств подавления, запчастей",
"ЗАЛА АЭРО, АО","АКЦИОНЕРНОЕ ОБЩЕСТВО ""ЗАЛА АЭРО""",1247700258651,9715478507,,"Производство боевых дронов и/или ретрансляторов, средств подавления, запчастей",
"ИНТЕРНЕШНЛ ДРОН СОЛЮШНС, ООО","ОБЩЕСТВО С ОГРАНИЧЕННОЙ ОТВЕТСТВЕННОСТЬЮ ""ИНТЕРНЕШНЛ ДРОН СОЛЮШНС""",1217700230880,9724047962,,Связанная компания,
"ИРПТОРГ, ООО","ОБЩЕСТВО С ОГРАНИЧЕННОЙ ОТВЕТСТВЕННОСТЬЮ ""ИРПТОРГ""",1195275025670,5258145401,,Ритейл,irptorg.ru
"ИТ, ООО","ОБЩЕСТВО С ОГРАНИЧЕННОЙ ОТВЕТСТВЕННОСТЬЮ ""ИННОВАЦИИ ТЕХНОЛОГИЙ""",1247700604140,7730327700,,Связанная компания,
"КАЙСАНТ, ООО НПО","ОБЩЕСТВО С ОГРАНИЧЕННОЙ ОТВЕТСТВЕННОСТЬЮ НАУЧНО-ПРОИЗВОДСТВЕННОЕ ОБЪЕДИНЕНИЕ ""КАЙСАНТ""",1227700641805,7733393203,,"Производство боевых дронов и/или ретрансляторов, средств подавления, запчастей",kaysant.ru
"КЛАУД БЭЙС СТЭЙШН, ООО","ОБЩЕСТВО С ОГРАНИЧЕННОЙ ОТВЕТСТВЕННОСТЬЮ ""КЛАУД БЭЙС СТЭЙШН""",1167746428255,7714386779,,Связанная компания,
"КУРСИР, ООО",ОБЩЕСТВО С ОГРАНИЧЕННОЙ ОТВЕТСТВЕННОСТЬЮ КУРСИР,1157451016106,7451400357,,"Производство боевых дронов и/или ретрансляторов, средств подавления, запчастей",https://cursir.com/
"ЛЮМОС, ООО","ОБЩЕСТВО С ОГРАНИЧЕННОЙ ОТВЕТСТВЕННОСТЬЮ ""ЛЮМОС""",1167847431400,7842121055,,Импортер запчастей,
"МПТМ, ООО","ОБЩЕСТВО С ОГРАНИЧЕННОЙ ОТВЕТСТВЕННОСТЬЮ ""МПТМ""",1257700021468,9714068459,,Связанная компания,
"НЕБЕСНЫЙ ВОИН, АНО ВПРОЦ","АВТОНОМНАЯ НЕКОММЕРЧЕСКАЯ ОРГАНИЗАЦИЯ ВОЕННО-ПАТРИОТИЧЕСКИЙ РЕАБИЛИТАЦИОННО-ОЗДОРОВИТЕЛЬНЫЙ ЦЕНТР ""НЕБЕСНЫЙ ВОИН""",1240400002567,400026638,,Связанная компания,
"НЕБО, АНО","АВТОНОМНАЯ НЕКОММЕРЧЕСКАЯ ОРГАНИЗАЦИЯ МЕЖВЕДОМСТВЕННЫЙ ЦЕНТР РАЗВИТИЯ БЕСПИЛОТНОЙ АВИАЦИИ ""НЕБО""",1247700489068,9714054167,,Спортивная ассоциация,
"НИЖЕГОРОДСКИЙ БЕСПИЛОТНИК, ООО","ОБЩЕСТВО С ОГРАНИЧЕННОЙ ОТВЕТСТВЕННОСТЬЮ ""НИЖЕГОРОДСКИЙ БЕСПИЛОТНИК""",1245200008800,5260494488,,Связанная компания,
"НЛК-СИСТЕМА, ООО","ОБЩЕСТВО С ОГРАНИЧЕННОЙ ОТВЕТСТВЕННОСТЬЮ ""НЛК-СИСТЕМА""",1236100000146,6141059858,,Связанная компания,
"НОВОРОССИЙСКАЯ АКАДЕМИЯ ПОДГОТОВКИ ОПЕРАТОРОВ БПЛА, ООО","ОБЩЕСТВО С ОГРАНИЧЕННОЙ ОТВЕТСТВЕННОСТЬЮ ""НОВОРОССИЙСКАЯ АКАДЕМИЯ ПОДГОТОВКИ ОПЕРАТОРОВ БПЛА""",1242300055205,2315237173,,Обучение,
"НПК ЭСК, ООО","ОБЩЕСТВО С ОГРАНИЧЕННОЙ ОТВЕТСТВЕННОСТЬЮ ""НАУЧНО-ПРОИЗВОДСТВЕННЫЙ КОМПЛЕКС ЭНЕРГЕТИЧЕСКИЕ СИСТЕМЫ И КОМПОНЕНТЫ""",1226600005719,6681012639,,"Производство боевых дронов и/или ретрансляторов, средств подавления, запчастей",
"НПП АДВЕНТ, ООО","ОБЩЕСТВО С ОГРАНИЧЕННОЙ ОТВЕТСТВЕННОСТЬЮ ""НАУЧНО-ПРОИЗВОДСТВЕННОЕ ПРЕДПРИЯТИЕ ""АДВЕНТ""",1069847569714,7839348320,,Связанная компания,
"НПП БАТ, АО","АКЦИОНЕРНОЕ ОБЩЕСТВО ""НАУЧНО-ПРОИЗВОДСТВЕННОЕ ПРЕДПРИЯТИЕ БЕСПИЛОТНЫЕ АВИАЦИОННЫЕ ТЕХНОЛОГИИ""",1237700769701,9718238013,,"Производство боевых дронов и/или ретрансляторов, средств подавления, запчастей",
"НПЦ БАС НИЖЕГОРОДСКОЙ ОБЛАСТИ, АНО","АВТОНОМНАЯ НЕКОММЕРЧЕСКАЯ ОРГАНИЗАЦИЯ ""НАУЧНО-ПРОИЗВОДСТВЕННЫЙ ЦЕНТР БЕСПИЛОТНЫХ АВИАЦИОННЫХ СИСТЕМ НИЖЕГОРОДСКОЙ ОБЛАСТИ""",1245200020010,5259157632,,Управление,npc-nnov.ru
"НПЦ БАС ЯО, АНО","АВТОНОМНАЯ НЕКОММЕРЧЕСКАЯ ОРГАНИЗАЦИЯ ""НАУЧНО-ПРОИЗВОДСТВЕННЫЙ ЦЕНТР БЕСПИЛОТНЫХ АВИАЦИОННЫХ СИСТЕМ ЯРОСЛАВСКОЙ ОБЛАСТИ""",1247600005201,7610142009,,Управление,
"НПЦ БАСИРТК, ООО","ОБЩЕСТВО С ОГРАНИЧЕННОЙ ОТВЕТСТВЕННОСТЬЮ ""НАУЧНО-ПРОИЗВОДСТВЕННЫЙ ЦЕНТР БЕСПИЛОТНЫХ АВИАЦИОННЫХ СИСТЕМ И РОБОТОТЕХНИЧЕСКИХ КОМПЛЕКСОВ""",1243300000789,3300009049,,"Производство боевых дронов и/или ретрансляторов, средств подавления, запчастей",
"НПЦ КОЛЫБЕЛЬ БАС КАЛУЖСКОЙ ОБЛАСТИ, АНО","АВТОНОМНАЯ НЕКОММЕРЧЕСКАЯ ОРГАНИЗАЦИЯ ""НАУЧНО-ПРОИЗВОДСТВЕННЫЙ ЦЕНТР БЕСПИЛОТНЫХ АВИАЦИОННЫХ СИСТЕМ КАЛУЖСКОЙ ОБЛАСТИ""",1244000009285,4000018911,,Обучение,
"ОКБ АСТРОН, АО","АКЦИОНЕРНОЕ ОБЩЕСТВО ""ОПТИКО-МЕХАНИЧЕСКОЕ КОНСТРУКТОРСКОЕ БЮРО ""АСТРОН""",1155027001690,5027224977,,Связанная компания,"astrohn-aero.ru, astrohn.ru"
"ОКБР, ООО","ОБЩЕСТВО С ОГРАНИЧЕННОЙ ОТВЕТСТВЕННОСТЬЮ ""ОМСКОЕ КОНСТРУКТОРСКОЕ БЮРО РОБОТОТЕХНИКИ""",1255500003560,5505074684,,"Производство боевых дронов и/или ретрансляторов, средств подавления, запчастей",
"ОМНИСКАЙ, ООО","ОБЩЕСТВО С ОГРАНИЧЕННОЙ ОТВЕТСТВЕННОСТЬЮ ""ОМНИСКАЙ""",1217700262284,9724049871,,Связанная компания,
"ОМНИТРЕЙД, ООО","ОБЩЕСТВО С ОГРАНИЧЕННОЙ ОТВЕТСТВЕННОСТЬЮ ""ОМНИТРЕЙД""",1235000040076,5024231091,,Импортер запчастей,
"ПАТРИОТ, ООО","ОБЩЕСТВО С ОГРАНИЧЕННОЙ ОТВЕТСТВЕННОСТЬЮ ""ПАТРИОТ""",1237800010029,7840104093,,Производство дронов,
"ПАТРИОТ, ОРГАНИЗАЦИЯ ДРОННОГО СПОРТА И НВП","МОСКОВСКАЯ ОБЛАСТНАЯ РЕГИОНАЛЬНАЯ ОБЩЕСТВЕННАЯ ОРГАНИЗАЦИЯ ДРОННОГО СПОРТА И НАЧАЛЬНОЙ ВОЕННОЙ ПОДГОТОВКИ ""ПАТРИОТ""",1245000047533,5001159699,,Спортивная ассоциация,
"ПКЦСН, ООО","ОБЩЕСТВО С ОГРАНИЧЕННОЙ ОТВЕТСТВЕННОСТЬЮ ""ПРОЕКТНО-КОНСТРУКТОРСКИЙ ЦЕНТР СПЕЦИАЛЬНОГО НАЗНАЧЕНИЯ""",1227800144472,7802932184,,"Производство боевых дронов и/или ретрансляторов, средств подавления, запчастей",pkcsn.ru
"ПОЛЕТ, ООО","ОБЩЕСТВО С ОГРАНИЧЕННОЙ ОТВЕТСТВЕННОСТЬЮ ""ПОЛЕТ""",1247700357750,7708436090,,Связанная компания,
"ПОЛИГОНАТОР, ООО","ОБЩЕСТВО С ОГРАНИЧЕННОЙ ОТВЕТСТВЕННОСТЬЮ""ПОЛИГОНАТОР""",1166196109760,6154146307,,Связанная компания,
"ПРОИЗВОДСТВЕННАЯ КОМПАНИЯ АЗИМУТ, АО","АКЦИОНЕРНОЕ ОБЩЕСТВО ""ПРОИЗВОДСТВЕННАЯ КОМПАНИЯ ""АЗИМУТ""",1247700574770,9728140105,,Связанная компания,ssnr.ru
"ПРОМ-ТЕХ, ООО","ОБЩЕСТВО С ОГРАНИЧЕННОЙ ОТВЕТСТВЕННОСТЬЮ ""ПРОМ-ТЕХ""",1246100019373,6163233330,,Связанная компания,
"ПРОСТОР, ООО","ОБЩЕСТВО С ОГРАНИЧЕННОЙ ОТВЕТСТВЕННОСТЬЮ ""ПРОСТОР""",1187847189364,7842156185,,Ритейл,skyindustry.ru
"РАДАР, ООО","ОБЩЕСТВО С ОГРАНИЧЕННОЙ ОТВЕТСТВЕННОСТЬЮ ""РАДАР""",1237700387297,9705201129,,"Производство боевых дронов и/или ретрансляторов, средств подавления, запчастей",radar-rf.ru
"РАЗ, ООО","ОБЩЕСТВО С ОГРАНИЧЕННОЙ ОТВЕТСТВЕННОСТЬЮ ""РОСТОВСКИЙ АВИАЦИОННЫЙ ЗАВОД""",1236100027954,6141060765,,Производство,raz.aero
"РБС ГАРПИЯ, ООО","ОБЩЕСТВО С ОГРАНИЧЕННОЙ ОТВЕТСТВЕННОСТЬЮ ""РБС ГАРПИЯ""",1227700782100,9703119694,,"Производство боевых дронов и/или ретрансляторов, средств подавления, запчастей",
"РОМТЕК, ООО","ОБЩЕСТВО С ОГРАНИЧЕННОЙ ОТВЕТСТВЕННОСТЬЮ ""РОМТЕК""",1226600022505,6685199160,,"Производство боевых дронов и/или ретрансляторов, средств подавления, запчастей",
"СВАРОГ, ООО","ОБЩЕСТВО С ОГРАНИЧЕННОЙ ОТВЕТСТВЕННОСТЬЮ ""СВАРОГ""",1240100001096,100008275,,Связанная компания,
"СЕРВИС-СН, ООО","ОБЩЕСТВО С ОГРАНИЧЕННОЙ ОТВЕТСТВЕННОСТЬЮ ""СЕРВИС-СН""",1231800003390,1840119099,,Связанная компания,
"СИЛЬВА, ООО","ОБЩЕСТВО С ОГРАНИЧЕННОЙ ОТВЕТСТВЕННОСТЬЮ ""СИЛЬВА""",1220300007080,300008875,,Связанная компания,
"СКАЙВЛ, ООО","ОБЩЕСТВО С ОГРАНИЧЕННОЙ ОТВЕТСТВЕННОСТЬЮ ""СКАЙВЛ""",1242500027197,2540288651,,"Производство боевых дронов и/или ретрансляторов, средств подавления, запчастей",
"СКИЛЛДРОН, ООО","ОБЩЕСТВО С ОГРАНИЧЕННОЙ ОТВЕТСТВЕННОСТЬЮ ""СКИЛЛДРОН""",1237700782550,9724155774,,Связанная компания,
"СТУПОР, ООО","ОБЩЕСТВО С ОГРАНИЧЕННОЙ ОТВЕТСТВЕННОСТЬЮ ""СТУПОР""",1214000002259,4025458030,,ПО,
"СУЦ, ООО","ОБЩЕСТВО С ОГРАНИЧЕННОЙ ОТВЕТСТВЕННОСТЬЮ ""СПЕЦИАЛИЗИРОВАННЫЙ УЧЕБНЫЙ ЦЕНТР""",1231800003401,1840119109,,Связанная компания,
"ТЕХНОРАССВЕТ, ООО","ОБЩЕСТВО С ОГРАНИЧЕННОЙ ОТВЕТСТВЕННОСТЬЮ ""ТЕХНОРАССВЕТ""",1237700651540,7735200880,,Связанная компания,
"ТК АЙТИ, ООО","ОБЩЕСТВО С ОГРАНИЧЕННОЙ ОТВЕТСТВЕННОСТЬЮ ""ТК АЙТИ""",1247700412948,9725160819,,Связанная компания,
"ТК АС, ООО","ОБЩЕСТВО С ОГРАНИЧЕННОЙ ОТВЕТСТВЕННОСТЬЮ ""ТК АВИА СИСТЕМЫ""",1237700322606,9725123045,,Связанная компания,
"ТОЧКА ВЗЛЁТА, ООО ЦПО БПЛА","ОБЩЕСТВО С ОГРАНИЧЕННОЙ ОТВЕТСТВЕННОСТЬЮ ЦЕНТР ПОДГОТОВКИ ОПЕРАТОРОВ БПЛА ""ТОЧКА ВЗЛЁТА""",1255200006940,5259158548,,Обучение,
"ТСВК, ООО","ОБЩЕСТВО С ОГРАНИЧЕННОЙ ОТВЕТСТВЕННОСТЬЮ ""ТУЛА СВК""",1247100003545,7100052196,,Связанная компания,
"ТТ, ООО","ОБЩЕСТВО С ОГРАНИЧЕННОЙ ОТВЕТСТВЕННОСТЬЮ ""ТОНКОР ТЕХНОЛОДЖИ""",1221600102998,1655491520,,Связанная компания,
"УК ИНТЦ ИНТЕЛЛЕКТУАЛЬНАЯ ЭЛЕКТРОНИКА-ВАЛДАЙ, АО","АКЦИОНЕРНОЕ ОБЩЕСТВО ""УПРАВЛЯЮЩАЯ КОМПАНИЯ ИННОВАЦИОННОГО НАУЧНО-ТЕХНОЛОГИЧЕСКОГО ЦЕНТРА ""ИНТЕЛЛЕКТУАЛЬНАЯ ЭЛЕКТРОНИКА - ВАЛДАЙ""",1225300000694,5300002784,,"Управление, связанная компания",intc-valday.ru
"ФГД НСО, НРФСОО","НОВОСИБИРСКАЯ РЕГИОНАЛЬНАЯ ФИЗКУЛЬТУРНО-СПОРТИВНАЯ ОБЩЕСТВЕННАЯ ОРГАНИЗАЦИЯ ""ФЕДЕРАЦИЯ ГОНОК ДРОНОВ НОВОСИБИРСКОЙ ОБЛАСТИ""",1245400009601,5404951956,,Спортивная ассоциация,
"ФГДМ, РФСОО","РЕГИОНАЛЬНАЯ ФИЗКУЛЬТУРНО-СПОРТИВНАЯ ОБЩЕСТВЕННАЯ ОРГАНИЗАЦИЯ ""ФЕДЕРАЦИЯ ГОНОК ДРОНОВ (БЕСПИЛОТНЫХ ВОЗДУШНЫХ СУДОВ) ГОРОДА МОСКВЫ""",1237700621322,9725134400,,Спортивная ассоциация,
"ФОНД ЭРА, ООО","ОБЩЕСТВО С ОГРАНИЧЕННОЙ ОТВЕТСТВЕННОСТЬЮ ""ФОНД ЭРА""",1176313076433,6316237712,,Управление,
"ЦАРС, АО","АКЦИОНЕРНОЕ ОБЩЕСТВО ""ЦЕНТР АВТОНОМНЫХ РОБОТИЗИРОВАННЫХ СИСТЕМ""",1237700299473,7720896136,,"Производство боевых дронов и/или ретрансляторов, средств подавления, запчастей",царс.рф
"ЦБА МАКСИМА КОНДРАТЬЕВА, ООО","ОБЩЕСТВО С ОГРАНИЧЕННОЙ ОТВЕТСТВЕННОСТЬЮ ""ЦЕНТР БЕСПИЛОТНОЙ АВИАЦИИ МАКСИМА КОНДРАТЬЕВА""",1237700031799,9721195497,,Образование,cba-avia.ru
"ЦБСТ, АНО","АВТОНОМНАЯ НЕКОММЕРЧЕСКАЯ ОРГАНИЗАЦИЯ ""ЦЕНТР БЕСПИЛОТНЫХ СИСТЕМ И ТЕХНОЛОГИЙ""",1247700190430,9702064851,,Связанная компания,
"ЦЕНТР ИННОВАЦИОННЫХ ТЕХНОЛОГИЙ, ООО","ОБЩЕСТВО С ОГРАНИЧЕННОЙ ОТВЕТСТВЕННОСТЬЮ ""ЦЕНТР ИННОВАЦИОННЫХ ТЕХНОЛОГИЙ""",1207700160161,7727443671,,"Обучение, связанная компания",pilotdronov.ru
"ЦКРЗО, ООО","ОБЩЕСТВО С ОГРАНИЧЕННОЙ ОТВЕТСТВЕННОСТЬЮ ""ЦЕНТР КОМПЕТЕНЦИИ ПОДДЕРЖКИ ПРИНЯТИЯ РЕШЕНИЙ РАЗЛИЧНОГО НАЗНАЧЕНИЯ В ИНТЕРЕСАХ ЗАЩИТЫ И ОБОРОНЫ""",1231600037350,1683015019,,"Производство боевых дронов и/или ретрансляторов, средств подавления, запчастей",
"ЦСТ НВП РОКОТ, АНО","АВТОНОМНАЯ НЕКОММЕРЧЕСКАЯ ОРГАНИЗАЦИЯ ""ЦЕНТР СПЕЦИАЛЬНОЙ ТАКТИЧЕСКОЙ И НАЧАЛЬНОЙ ВОЕННОЙ ПОДГОТОВКИ ""РОКОТ""",1235000132432,5074084540,,Образование,https://cstnvprokot.ru/fpv/
"ЦУГАМ, ООО","ОБЩЕСТВО С ОГРАНИЧЕННОЙ ОТВЕТСТВЕННОСТЬЮ ""ЦЕНТР УПРАВЛЕНИЯ ГОРОДСКОЙ АЭРОМОБИЛЬНОСТЬЮ""",1227700378553,9731094770,,Интегратор,uamoc.ru
"ШКОЛА БПЛА СОКОЛЫ, АНО ДПО","АВТОНОМНАЯ НЕКОММЕРЧЕСКАЯ ОРГАНИЗАЦИЯ ДОПОЛНИТЕЛЬНОГО ПРОФЕССИОНАЛЬНОГО ОБРАЗОВАНИЯ ""ШКОЛА БПЛА СОКОЛЫ ИМЕНИ СВЯТОЙ РАВНОАПОСТОЛЬНОЙ КНЯГИНИ ОЛЬГИ""",1257800005385,7838128234,,Обучение,
"ШКОЛА ДРОНОВ, ООО","ОБЩЕСТВО С ОГРАНИЧЕННОЙ ОТВЕТСТВЕННОСТЬЮ ""ШКОЛА ДРОНОВ""",1241500004701,1500019322,,Обучение,
"ШКОЛА ОПЕРАТОРОВ БПЛА СОКОЛ, АНО ДПО","АВТОНОМНАЯ НЕКОММЕРЧЕСКАЯ ОРГАНИЗАЦИЯ ДОПОЛНИТЕЛЬНОГО ПРОФЕССИОНАЛЬНОГО ОБРАЗОВАНИЯ ""ШКОЛА ОПЕРАТОРОВ БПЛА ""СОКОЛ""",1246400013133,6453178321,,Обучение,
"ЮА, ООО","ОБЩЕСТВО С ОГРАНИЧЕННОЙ ОТВЕТСТВЕННОСТЬЮ ""ЮНИОН АДДИТИВ""",1222600012678,2635255189,,Связанная компания,